loId,w
1,0.0
5,1.0
58,0.6417657045840408
60,0.3888888888888889
61,0.6198608475648323
62,0.46236559139784944
