userId,w
3,0.59021113243762
5,1.0
10,0.0
12,0.37380038387715936
13,0.01967370441458738
